{"IcoMoonType":"selection","icons":[{"icon":{"paths":["M69.592 1024l-69.592-69.592 447.379-427.495-447.379-457.32 69.592-69.592 516.971 526.913z"],"attrs":[{}],"width":587,"isMulticolor":false,"isMulticolor2":false,"grid":0,"tags":["arrow-right"]},"attrs":[{}],"properties":{"order":3,"id":1,"name":"arrow-right","prevSize":32,"code":59649},"setIdx":0,"setId":0,"iconIdx":0},{"icon":{"paths":["M512 0c-282.581 0-512 229.419-512 512s229.419 512 512 512c282.581 0 512-229.419 512-512s-229.419-512-512-512zM512 42.667c259.029 0 469.333 210.304 469.333 469.333s-210.304 469.333-469.333 469.333-469.333-210.304-469.333-469.333 210.304-469.333 469.333-469.333zM533.333 768v-384h-42.667v384h42.667zM512 256c-19.883 0-36.053 16.128-36.053 36.053 0 19.883 16.171 36.011 36.053 36.011s36.053-16.128 36.053-36.011c0-19.925-16.171-36.053-36.053-36.053z"],"attrs":[{}],"isMulticolor":false,"isMulticolor2":false,"grid":0,"tags":["info"]},"attrs":[{}],"properties":{"order":2,"id":0,"name":"info","prevSize":32,"code":59648},"setIdx":0,"setId":0,"iconIdx":1}],"height":1024,"metadata":{"name":"icomoon"},"preferences":{"showGlyphs":true,"showCodes":true,"showQuickUse":true,"showQuickUse2":true,"showSVGs":true,"fontPref":{"prefix":"icon-","metadata":{"fontFamily":"icomoon"},"metrics":{"emSize":1024,"baseline":6.25,"whitespace":50},"embed":false},"imagePref":{"prefix":"icon-","png":true,"useClassSelector":true,"color":0,"bgColor":16777215},"historySize":50,"gridSize":16}}